pkgs,deps,name
436,3040,irestful
100,509,ride-user
90,4694,zendframework
70,965,tril
68,975,xtra
65,5040,beberlei
65,20923,fabpot
64,282,kayalion
53,175,pjedrzejewski
52,52,anomaly
52,195,Chibineko
51,506,andreasisaak
50,261,brikou
48,165,kartik-v
46,178,samsonos
45,630,lsmith
42,43,tigredonorte
40,193,harikt
40,351,philsturgeon
39,167,elcodi
38,87,AmyStephen
37,96,ivank
37,170,kherge
37,249,zf1
37,1922,mtdowling
36,5021,taylorotwell
35,143,Jeroen De Dauw
35,76,franckstauffer
34,79,pepakriz
34,425,igorw
33,93,rmzamora
33,183,pmjones
32,161,Hoa
32,415,typo3
31,222,romain
31,2011,david@grudl.com
30,30,donaldinou
30,334,dbu
30,1270,chillu
29,205,adrianmacneil
28,72,webignition
28,150,dongilbert
28,159,derickr
28,142,lolautruche
28,204,kayladnls
28,572,sonata-project
28,294,simensen
27,102,milesj
27,122,josephmoniz
27,211,crynobone
27,10345,sebastian
26,88,martinschroeder
26,173,Spomky
26,62,oat-lionel
26,113,wagnert
25,89,olvlvl
24,118,wmde
24,141,virtuecenter
24,64,bdunogier
24,124,ezrobot
24,397,couac
23,44,norzechowicz
23,45,groganz
23,53,meerkat
23,73,asika32764
23,391,RobLoach
23,614,KnpLabs
23,851,johannes
22,40,chrisnharvey
22,44,dominikzogg
22,45,Tadcka
22,85,c9s
22,738,fprochazka
22,1250,sminnee
21,80,nullivex
21,1431,qiangxue
20,29,superdweebie
20,1247,everzet
19,31,yosmanyga
19,61,treshugart
19,64,max107
19,77,hafriedlander
19,49,tonydspaniard
19,46,crisu83
19,130,AndrewEddie
19,88,graham-campbell
19,300,SpiffyJr
18,23,artodeto
18,38,heruan
18,33,timperry
18,51,leyou
18,58,covex-nn
18,29,modulargaming
18,61,pierowbmstr
18,77,spudz76
18,78,SvenAlHamad
18,68,pscheit
18,89,ezzatron
18,81,dragonprojects
18,170,fpoirotte
18,283,mvriel
17,42,nmacherey
17,43,duke
17,46,wecodemore
17,117,frankdejonge
17,233,cboden
16,32,pankajlele
16,34,msarca
16,26,mounter
16,51,bajbnet
16,27,cliffparnitzky
16,60,goten4
16,35,mouf
16,96,chirimoya
16,47,juriansluiman
16,136,cordoval
15,22,lavoiesl
15,21,ekyna
15,31,chives
15,30,vova07
15,60,crodas
15,36,neilime
15,39,thibaud-evaneos
15,46,jsifalda
15,48,kapitchi
15,98,matthiasnoback
15,119,jmalloc
15,1217,Stof
14,18,tzappa
14,29,FlorianWolters
14,26,satanasdiabolo
14,26,gou1
14,26,magnetik
14,32,ehough
14,28,psychoticmeow
14,28,ramblingsofadev
14,38,splitice
14,31,Peter Gribanov
14,37,stevewest
14,37,WanWizard
14,43,vitkutny
14,26,richardjennings
14,44,heartsentwined
14,38,joostfaassen
14,60,gregorybesson
14,36,leofeyer
14,67,makasim
14,168,ThomasWeinert
14,105,shadowhand
14,166,pablodip
13,17,bazo
13,19,hilobok
13,17,comodojo
13,18,ProPheT777
13,23,Razorblade
13,19,sstok
13,26,chh
13,43,hanneskod
13,34,gossi
13,28,stuartherbert
13,90,drotter
13,977,cebe
12,12,k1LoW
12,12,maci1011
12,13,titomiguelcosta
12,24,cmsx
12,17,mark.sagikazar
12,23,schmunk
12,21,blar
12,18,nsams
12,30,chevron
12,20,andemi
12,35,ddeboer
12,49,lstrojny
12,25,Payam
12,29,clue
12,35,unusorin
12,48,rtens
12,81,DataValues
12,75,SMW
12,40,bakura10
12,47,andrerom
12,103,Zeelot
12,477,Ocramius
11,11,gurudigital
11,14,mneuhaus
11,19,hfcorriez
11,15,nicolas-bastien
11,14,dbojdo
11,19,WyriHaximus
11,17,brad-jones
11,16,TamasBarta
11,23,koriym
11,25,tomphp
11,17,andrey1s
11,24,bobmajdakjr
11,30,petrgrishin
11,26,nick4fake
11,28,chobie
11,23,webvimark
11,18,italolelis
11,21,gmanen
11,55,Gregwar
10,10,cjsewell
10,14,shinagawa
10,12,g4code
10,13,AdrianSkierniewski
10,16,bangpound
10,17,agregad
10,12,enpere
10,15,boyhagemann
10,20,alek13
10,22,dreamfactory
10,23,inspiran
10,20,iampersistent
10,18,voceconnect
10,19,mcuadros
10,19,jails
10,24,toni.munthi
10,19,infoweb-internet-solutions
10,26,pgraham
10,38,leandro-lugaresi
10,31,brianium
10,26,amouhzi
10,23,endroid
10,49,roderik
10,52,rawphp
10,57,evert
10,61,mnapoli
10,94,rah
10,78,henrikbjorn
10,224,cakephp
10,2328,Seldaek
9,9,srcspider
9,9,togu
9,12,asaokamei
9,19,gree
9,19,withgod
9,12,MidnightDesign
9,15,jkobus
9,12,alphalemon
9,18,neiluJ
9,17,imsamurai
9,18,nicmart
9,13,mauris
9,21,kitpages
9,16,minond
9,19,rnijveld
9,22,NamelessCoder
9,16,congpeijun
9,30,deltaphp
9,24,xabbuh
9,25,kzykhys
9,28,splot
9,27,mattcockayne
9,26,fightbulc
9,26,joegreen88
9,26,steph_py
9,48,Kunstmaan
9,47,mbfisher
9,30,cpliakas
9,40,egeloen
9,40,Jaredtking
9,42,peteraba
9,61,wachterjohannes
9,61,cblanquera
9,38,dantleech
9,123,alexbilbie
9,63,sunnysideup
9,242,jmikola
9,266,davert
9,1056,jeremeamia
8,8,alevilar
8,8,slince
8,8,Yaug
8,9,jpcercal
8,11,spantaleev
8,9,opichon
8,9,edouardkombo
8,10,Elfet
8,12,tomhv
8,9,ohoareau
8,10,gravitano
8,10,pkruithof
8,11,fieg
8,11,cleentfaar
8,16,fobia
8,11,rcurry
8,10,skeeks-semenov
8,15,Gnuk
8,17,h4cc
8,12,oyepez003
8,15,aequasi
8,17,hampel
8,17,AmsTaFFix
8,17,chebba
8,19,MDMunir
8,26,jgswift
8,21,jmpantoja
8,19,bmatzner
8,19,innova
8,28,szjani
8,23,bugadani
8,35,Anahkiasen
8,24,nyeholt
8,32,apancutt
8,23,hellopablo
8,30,bergie
8,60,NetCommons
8,24,cyantree
8,50,lox
8,40,elazar
8,64,asm89
8,69,Barryvdh
8,46,davidmaack
8,67,raulfraile
8,71,claroline
8,88,Ceeram
8,88,uzyn
8,101,EvanDotPro
7,7,pateketrueke
7,7,lightster
7,8,finbarrmccarthy
7,12,rh389
7,8,jasny
7,11,rawebone
7,10,renegare
7,9,sheadawson
7,12,pdenis
7,11,TOGoS
7,12,bariew
7,10,bstrahija
7,11,goetas
7,9,hrevert
7,11,liuggio
7,10,mishak87
7,11,sinergi
7,12,maht0rz
7,13,BenMorel
7,12,vadim-skorba-gamespree
7,13,Danack
7,10,khusamov
7,16,flack
7,13,qshurick
7,12,pgoergler
7,14,reekoheek
7,11,pgaultier
7,16,frosty22
7,17,oscarotero
7,15,nanuqcz
7,14,mjacobus
7,21,vysinsky
7,13,Auke
7,19,dpeuscher
7,15,thomaswelton
7,16,wellcart
7,24,FrancisBesset
7,15,kelt
7,15,jqgeeks
7,17,Jan Tvrdík
7,20,alkor
7,17,mikey179
7,25,zerkalica
7,24,anlutro
7,31,cedriclombardot
7,21,expressiveanalytics
7,19,mheap
7,27,manovotny
7,40,zelgerj
7,35,webmozart
7,27,jedateach
7,53,mmoreram
7,31,tijsverkoyen
7,51,rdiaztushman
7,68,jbroadway
7,90,weierophinney
7,243,codeguy
7,242,ashnazg
7,398,guilhermeblanco
7,952,samdark
6,6,AV
6,6,cornernote
6,6,estheban
6,6,Renfos
6,6,majes
6,6,neemzy
6,6,netgen
6,6,manuelj555
6,6,roboclevis
6,6,qimnet
6,6,onigoetz
6,6,thomas-p-wilson
6,6,zelenin
6,8,aimeos
6,7,vworldat
6,7,webberig
6,9,mcfedr
6,8,psliwa
6,8,Pop
6,9,jeremygiberson
6,8,ovr
6,8,terentev
6,7,radutopala
6,8,FrancisVarga
6,7,joshmoody
6,9,emaphp
6,7,kbond
6,12,francoispluchino
6,8,chrisgillis
6,8,carlalexander
6,9,mpoiriert
6,11,odino
6,8,oneblackbear
6,10,Pixel418
6,11,trq
6,10,stil
6,11,Mardix
6,12,wafflestealer654
6,12,xjtuwangke
6,12,ppetermann
6,14,mkpeacock
6,9,dantudor
6,10,integrated
6,13,netzmacht
6,11,nubs
6,12,unclecheese
6,13,winzou
6,12,yosymfony
6,12,pminnieur
6,10,desarrolla2
6,12,flowpack
6,12,arthens
6,13,aRn0D
6,17,zoomlab
6,11,contao-bootstrap
6,14,ebidtech
6,14,gigorok
6,12,morozov
6,29,instaclick
6,15,Regulus
6,19,barnabywalters
6,15,radnan
6,13,Robbo
6,17,matthewfitz
6,19,duncan3dc
6,24,alexandresalome
6,16,Keboola
6,16,hrach
6,19,october
6,25,lapistano
6,16,camspiers
6,22,jenssegers
6,19,teewebapp
6,41,laracasts
6,19,vegas
6,28,shaunfreeman
6,32,Zizaco
6,24,Xerkus
6,23,matuszeman
6,36,dracony
6,40,whatthejeff
6,36,Respect
6,67,florianeckerstorfer
6,118,Danielss89
6,336,Herzult
6,1200,ajshort
5,5,3ch3r46
5,5,Chrysweel
5,5,ping86
5,5,djordje
5,5,mtils
5,5,Filsh
5,5,fourteenmeister
5,5,heyday
5,5,jaimevalasek
5,5,mincms
5,5,helmich
5,5,paranoiq
5,5,profburial
5,5,Nirix
5,5,dmitrymomot
5,5,idBloc
5,5,rtablada
5,6,ajgarlag
5,7,atukai
5,6,skolodyazhnyy
5,6,bitgandtter
5,6,bhittani
5,8,jordonsc
5,6,bigtimebuddy
5,6,treyhyde
5,6,chayka
5,6,ricardogobbosouza
5,7,lopezdonaque
5,6,jameslnewell
5,6,richardfullmer
5,6,francodacosta
5,9,JimmDiGrizli
5,6,glynnforrest
5,6,guttmann
5,6,gushphp
5,7,joacub
5,6,kentasaito
5,6,nishimura
5,7,Lopo
5,7,mariusbalcytis
5,6,jacobstr
5,7,nedwave
5,6,dmolsen
5,7,mrjgreen
5,6,pomba
5,7,prolic
5,7,robertlemke
5,7,coreation
5,7,INHack20
5,7,nguyennv
5,9,addshore
5,10,ArthurHlt
5,10,matteosister
5,7,eymengunay
5,8,koenhoeymans
5,8,jadb
5,7,joshribakoff
5,9,frodosghost
5,8,phork
5,8,elenor
5,7,mike227
5,10,vrtak-cz
5,7,phpish
5,9,mr_r_miller
5,7,dweller
5,11,LewisW
5,8,kevinlangleyjr
5,10,tmilos
5,10,marlon
5,10,Burti
5,9,egulias
5,15,fkooman
5,8,trollboy
5,10,AdrienBrault
5,11,kasonyang
5,18,mariuslundgard
5,9,iteman
5,11,tomas-pecserke
5,8,alanpich
5,10,Jmoati
5,15,eloipoch
5,15,jordillonch
5,12,asartalo
5,13,athem
5,15,esvit
5,9,efesaid
5,9,sasezaki
5,15,ehrlichandreas
5,11,philippfrenzel
5,11,h4kuna
5,13,ShurikAg
5,13,kamisama
5,14,NeoPangea
5,12,wells5609
5,10,rutkoski
5,13,prettyboymp
5,14,widop
5,14,toin0u
5,10,obo
5,11,Adamamont
5,10,thelia
5,17,axy
5,14,mbabker
5,17,joshuaestes
5,15,rcrowe
5,11,umpirsky
5,14,adlawson
5,18,tandrewbennett
5,12,markus
5,16,nooku
5,18,holyshared
5,27,jasonlewis
5,19,TheFox
5,16,uldisn
5,28,suin
5,18,nitra
5,19,lyrixx
5,27,brensch
5,26,henderjon
5,21,davedevelopment
5,31,M6Web
5,17,K-Phoen
5,22,cedric-g
5,22,jeremyb
5,20,gabrielbull
5,24,Budry
5,20,ufik
5,42,theseer
5,37,jfusion
5,34,vierbergenlars
5,31,thewilkybarkid
5,33,maximebf
5,35,augustohp
5,35,alganet
5,64,tedivm
5,54,phiamo
5,55,vlucas
5,57,havvg
5,85,JeffreyWay
5,93,JakubOnderka
5,107,Tomáš Votruba
5,1175,tractorcow
4,4,chemisus
4,4,CodeLoversAt
4,4,codezero
4,4,damianociarla
4,4,duchess
4,4,serega3000
4,4,gplanchat
4,4,harrytang
4,4,kuczek
4,4,Elorfin
4,4,jkuchar
4,4,jurasm2
4,4,GromNaN
4,4,s7eph4n
4,4,zloyuser
4,4,mremi
4,4,Abdulklara
4,4,eklundchristopher
4,4,phpalchemy
4,4,prewk
4,4,redkite-labs
4,4,rgnevashev
4,4,sergiovilar
4,4,rudrax
4,4,samwilson
4,4,fightmaster
4,4,simonjodet
4,4,sirprize
4,4,seyon
4,4,josiah
4,4,csloisel
4,4,ricbra
4,4,wdalmut
4,4,tdebatty
4,4,webfactory
4,5,aciliainternet
4,5,Swop
4,5,antz29
4,5,pocky
4,5,yanev
4,5,CodeOtter
4,5,philipsorst
4,7,nutrija
4,5,dVelopment
4,6,elnebuloso
4,6,ewinslow
4,5,Fresh
4,5,gpupo
4,5,hackzilla
4,5,nguago
4,6,matej21
4,5,omansour
4,5,mindplay.dk
4,5,mpalourdio
4,5,gruner
4,5,nourdine
4,5,orbisnull
4,5,tyler-sommer
4,5,boen_robot
4,5,fabiang
4,5,hidabe
4,7,symfonycontrib
4,5,iwyg
4,7,kmfk
4,5,hubertperron
4,7,vincenttouzet
4,6,xi-project
4,5,sneakyBobito
4,7,mcharytoniuk
4,9,ailove-dev
4,7,marklocker
4,9,arhframe
4,6,athemcms
4,6,robbytaylor
4,8,othillo
4,8,wjzijderveld
4,8,codeliner
4,6,crazycodr
4,7,vegardlarsen
4,6,radmen
4,7,yuya-takeyama
4,6,excelwebzone
4,8,benschw
4,7,hvasoares
4,8,i-lateral
4,6,ibrows
4,8,KatsuoRyuu
4,6,Kilte
4,6,korstiaan
4,6,krizon
4,9,kumatch
4,6,mgiagnoni
4,8,mike
4,9,moltin
4,7,namshi
4,6,Henning Dieterichs
4,6,Nyholm
4,7,rvanlaarhoven
4,8,eridal
4,6,gordalina
4,10,rchouinard
4,6,alexander.perov
4,7,graille
4,10,relaxnow
4,8,timoschaefer
4,6,designermonkey
4,7,vincentchalamon
4,6,pekkis
4,8,akeneo
4,8,rammrain
4,9,marcu
4,7,defrag
4,8,compwright
4,12,nekufa
4,7,cyberwolf
4,8,dlabas
4,7,ftdebugger
4,9,creator-git
4,8,schtr4jh
4,8,pjezek
4,7,saimaz
4,8,chanmix51
4,7,lewis-li
4,9,Rovak
4,8,shrikeh
4,10,tomaszdurka
4,8,theinpu
4,8,fg
4,10,jippi
4,10,jsor
4,9,acoulton
4,11,kachnitel
4,10,malenki
4,8,peec
4,8,neon64
4,11,yohang
4,13,bojanz
4,13,ivan-wolf
4,13,dominionenterprises
4,9,Elao
4,14,cedricziel
4,14,mihaildev
4,13,omnilight
4,10,happyaccidents
4,14,prooph
4,11,stonedz
4,12,hostnet
4,12,ja1cap
4,15,Magomogo
4,16,donatj
4,10,davidtsadler
4,15,Malocher
4,12,zender
4,12,nicolopignatelli
4,10,Vinelab
4,13,ikwattro
4,12,rscheumann
4,16,technosophos
4,18,olav
4,13,rossriley
4,13,bobdenotter
4,25,s-nakajima
4,16,rdlowrey
4,15,jhuet
4,23,jfallon
4,15,ubermuda
4,14,mateusz
4,17,loostro
4,16,goatherd
4,18,noiselabs
4,16,vipsoft
4,30,merk
4,17,sunra
4,26,scribu
4,36,gridguyz
4,22,michaldudek
4,30,jakzal
4,31,paypal
4,25,drak
4,48,Hounddog
4,36,Iron.io
4,28,ICanBoogie
4,38,Vektah
4,57,cmskit
4,33,jamiehannaford
4,43,CakeDC
4,35,futurecat
4,36,ahilles107
4,61,RWOverdijk
4,68,rstuven
4,88,videlalvaro
4,103,ramsey
4,120,nikic
4,125,ircmaxell
4,135,bobthecow
4,231,silentworks
4,452,kriswallsmith
4,1374,satooshi
3,3,nils-droege
3,3,Delendial
3,3,Bernadskaya
3,3,jjbier
3,3,paulandrieux
3,3,brodkinca
3,3,Beaten_Sect0r
3,3,bluelyte
3,3,Byscripts
3,3,cakebake
3,3,joshiausdemwald
3,3,cspray
3,3,DarkAiR
3,3,chjohnson
3,3,rouffj
3,3,jonasjonas
3,3,dreadwarrior
3,3,dsxack
3,3,rsanchez
3,3,ejsmont-artur
3,3,Divi
3,3,fudriot
3,3,dmongeau
3,3,mikebronner
3,3,gromver
3,3,happyDemon
3,3,headzoo
3,3,z7
3,3,hypeJunction
3,3,mattsah
3,3,orkhan
3,3,JoshWhiting
3,3,jasir
3,3,jayalfredprufrock
3,3,vaclav.novotny@edgedesign.cz
3,3,juanmf
3,3,kairosagency
3,3,kpacha
3,3,lagman
3,3,sudoreboot
3,3,kareem3d
3,3,LubosRemplik
3,3,lukaskorl
3,3,mattalexx
3,3,mattcg
3,3,myqee
3,3,naturalweb
3,3,ncsuot
3,3,emodric
3,3,newerton
3,3,oaugustus
3,3,ondrs
3,3,ivokund
3,3,p1r0
3,3,steffans
3,3,perminder-klair
3,3,philipbrown
3,3,dongww@gmail.com
3,3,popshack
3,3,qckanemoto
3,3,hshn
3,3,JacopKane
3,3,Riimu
3,3,rodgermd
3,3,Ronan
3,3,tmuntan1
3,3,rybakit
3,3,larukedi
3,3,sveneisenschmidt
3,3,Sirian
3,3,devsdmf
3,3,smith981
3,3,lakiboy
3,3,Stefano123
3,3,Seer
3,3,SuPa86000
3,3,euskadi31
3,3,Oddman
3,3,tomkyle
3,3,bigwhoop
3,3,erikaheidi
3,3,marcoraddatz
3,3,voltcms
3,3,webeith
3,3,dangozero
3,3,websafe
3,3,witooh
3,3,Xety
3,3,apszczolka
3,3,yjv
3,3,ytake
3,3,jeffturcotte
3,4,vantoozz
3,5,americancouncils
3,4,rb2k
3,5,gtrias
3,4,adamwathan
3,4,agitso
3,5,franck
3,4,appcia
3,4,lenybernard
3,4,kore
3,4,atans
3,4,avanzu
3,5,bartaakos
3,5,llaville
3,4,michelsalib
3,4,bgillet
3,5,JimPanic
3,4,build-bookings
3,4,chippyash
3,4,dkyosev
3,4,hkdobrev
3,4,Gta-Cool
3,4,tamakiii
3,4,csarrazi
3,4,janpecha
3,4,davewid
3,4,DavidBadura
3,4,daylerees
3,4,dbellettini
3,4,rkolbe
3,5,mmeyer2k
3,5,magnusnordlander
3,4,maximebeaudoin
3,6,Elsass
3,4,robinvdvleuten
3,6,fezfez
3,4,funivan
3,5,Grandt
3,4,gheydon
3,5,letrunghieu
3,4,ilya.s
3,5,ryun
3,4,iCodr8
3,5,icomefromthenet
3,5,indigofeather
3,5,AntonTyutin
3,5,vitiko
3,4,svensp
3,4,isdarka
3,4,jdesrosiers
3,4,jongotlin
3,4,piku235
3,4,kamilsk
3,4,kassko
3,5,gorkalaucirica
3,4,ShiraNai7
3,4,ervaude
3,4,lars85
3,4,MArcJ
3,4,markguinn
3,4,mac_nibblet
3,5,leverton
3,4,meido
3,4,jonilicious
3,4,micschk
3,6,scottux
3,4,mlebkowski
3,4,moldcraft
3,4,nitso
3,4,morphodo
3,4,mym
3,4,cmuench
3,4,nativgames
3,4,Nek
3,4,nenad
3,4,stivni
3,5,howlowck
3,4,heiglandreas
3,6,palmabit
3,5,daverogers
3,4,xqus
3,4,piwik
3,4,prawee
3,4,halundra
3,5,callmez
3,4,ramirovjr
3,5,sandelius
3,4,raymond.idema
3,5,rkr
3,4,Roumen
3,4,ryanwachtl
3,4,SamsonIT
3,4,scaytrase
3,4,caferrari
3,4,simon_w
3,4,Ph3nol
3,5,Snowcap
3,4,nilportugues
3,4,kujaff
3,5,darianbr
3,4,odolbeau
3,4,pietercolpaert
3,4,usmanhalalit
3,4,stunami
3,4,haswalt
3,5,amercier
3,5,adrianlang
3,4,wipkip
3,4,dominics
3,4,Xethron
3,4,ilumos
3,5,aaron4m
3,4,zofe
3,6,kl3ryk
3,5,amenophis
3,5,ZhukV
3,6,jeremysells
3,6,amal
3,6,VladimirShestakov
3,7,E1379
3,7,fritsjanb
3,5,alwynn
3,5,chaosarts
3,5,rafal.wrzeszcz
3,5,tbuteler
3,6,dunglas
3,7,emmanuelballery
3,7,tothimre
3,6,vatson
3,6,futoin
3,8,pdobrigkeit
3,5,gwa
3,6,cogocogo
3,5,skoop
3,5,jacopo-beschi
3,6,jaztec
3,5,jordanwooley
3,5,dhrrgn
3,5,Kitano
3,5,krisanalfa
3,6,kylekatarn
3,5,lastzero
3,5,leo-unglaub
3,5,Sharom
3,5,lwc
3,5,orthes
3,6,pmaselkowski
3,6,mdecaffmeyer
3,5,mhilker
3,6,native5
3,6,Nodge
3,6,nqxcode
3,5,openclassrooms-admin
3,5,romainkuzniak
3,5,paquettg
3,5,nineinchnick
3,7,dedestr
3,5,Phillaf
3,7,JulienDufresne
3,8,sergeil
3,7,shift31
3,6,candidasa
3,9,jaime
3,5,spekkionu
3,5,suncat2000
3,6,odiaseo
3,5,aaronpk
3,5,matthewbaggett
3,6,tomk79
3,6,Webino
3,6,hswong3i
3,7,kasparp
3,6,tobre
3,6,BugBuster
3,8,julienfastre
3,7,crazedsanity
3,6,Marlinc
3,7,woxxy
3,7,incubatio
3,6,ise
3,9,Toflar
3,6,joelvardy
3,6,kompakt
3,6,joetannenbaum
3,9,theAverageDev
3,7,mattfarina
3,6,moriony
3,6,netglue
3,8,nimetu
3,7,NoUseFreak
3,6,packagist
3,8,publero
3,6,sndsgd
3,7,sokil
3,10,thujohn
3,9,v3lbloud
3,7,wookieb
3,7,lastguest
3,7,dlu
3,11,pedra
3,8,mmucklo
3,7,philmprice
3,7,jlipps
3,7,stojg
3,7,Stefano Kowalke
3,10,Ascarius
3,7,yzalis
3,13,BigfootPlatform
3,8,jimbojsb
3,9,creocoder
3,11,entering
3,9,ShawnMcCool
3,9,digitalkaoz
3,11,iltar
3,8,danbruce
3,8,jschreuder
3,9,richsage
3,8,guillaumepotier
3,10,simon
3,13,frtroster
3,10,Halleck
3,9,Sammaye
3,9,wilr
3,9,wukka
3,12,amphp
3,12,fahad19
3,11,rchavik
3,13,frankmullenger
3,15,Sybio
3,10,eminetto
3,11,juliendidier
3,12,jwage
3,11,marc-mabe
3,12,jeremylivingston
3,12,craue
3,23,johnpbloch
3,12,brusch
3,12,psi-4ward
3,13,getherbie
3,14,reoring
3,14,sescandell
3,14,cassell
3,18,LeaseWeb
3,27,papayasoft
3,27,robertcuadra
3,16,aik099
3,15,sheillendra
3,25,oschwald
3,30,JeanCarloMachado
3,16,Mekras
3,17,krichprollsch
3,25,orocrm
3,22,stfalcon
3,21,cviebrock
3,22,mathiasverraes
3,41,phalcon
3,37,Treffynnon
3,32,nfrp
3,43,nategood
3,45,Pawka
3,60,polyfractal
3,61,nicolas-grekas
3,68,rmccue
3,76,erusev
3,58,mrclay
3,109,kukulich
3,109,olivervogel
3,152,avalanche123
3,141,ludofleury
3,249,leafo
3,188,nrk
3,202,fzaninotto
3,685,mapi
3,706,md
2,2,4d47
2,2,melyakov
2,2,abeautifulsite
2,2,mrsafraz
2,2,sumbobyboys
2,2,Antoine Guigan
2,2,alcohol
2,2,AlexisDucastel
2,2,alfa30
2,2,anroots
2,2,apinstein
2,2,app2641
2,2,ardemiranda
2,2,argentinaluiz
2,2,asdf-studio
2,2,GabrielJMJ
2,2,avoo
2,2,AxaliaN
2,2,axelitus
2,2,agmanix
2,2,Balancer
2,2,basdog22
2,2,beleneglorion
2,2,belt
2,2,xphere
2,2,birko
2,2,bladeofsteel
2,2,bmilesp
2,2,brainbits
2,2,DKhalil
2,2,d1rk
2,2,bt51
2,2,buonzz
2,2,cagartner1
2,2,cammanderson
2,2,caseyamcl
2,2,casivaagustin
2,2,cbednarski
2,2,somewherethere
2,2,CEikermann
2,2,cerlet
2,2,checkdomain
2,2,Royaei
2,2,mohsen-shafiee
2,2,yann-eugone
2,2,codenamegary
2,2,coloB
2,2,comensee
2,2,ComPHPPuebla
2,2,tubssp
2,2,Cothema
2,2,cowlby
2,2,craigmccoy
2,2,cravler
2,2,TobiasOberrauch
2,2,czogori
2,2,Danzabar
2,2,daviddeutsch
2,2,davidkuhner
2,2,dcarbone
2,2,dcsg
2,2,ddliu
2,2,delboy1978uk
2,2,devhelp
2,2,diasbruno
2,2,mariosmello
2,2,junior.dindigital
2,2,dlin-me
2,2,dmishh
2,2,do-aki
2,2,Dragonaire
2,2,dreadlokeur
2,2,Alaneor
2,2,druid628
2,2,drwrf
2,2,eggbe
2,2,EgorKluch
2,2,ejfrancis
2,2,elnur
2,2,ntd
2,2,luisdalmolin
2,2,essentialdots
2,2,ETSGlobal
2,2,jchampion
2,2,expstudio
2,2,f3ath
2,2,ianbogda
2,2,firano
2,2,fivefilters
2,2,leemason
2,2,Flying
2,2,fourcoders
2,2,frieser
2,2,ftven
2,2,funddy
2,2,ebess
2,2,gabbydgab
2,2,abretaud
2,2,pCoLaSD
2,2,h0akd93
2,2,hakito
2,2,ckhampus
2,2,attozk
2,2,jubianchi
2,2,holgerk
2,2,jmeyo
2,2,hpatoio
2,2,floorent
2,2,atkrad
2,2,hypercharge
2,2,RedFiber
2,2,ifsnop
2,2,nuxwin
2,2,InformaticRevolution
2,2,irs
2,2,cesarhdz
2,2,Elimentz
2,2,criq
2,2,jacksleight
2,2,jacobkiers
2,2,OZ
2,2,jayfrancis
2,2,jdolieslager
2,2,huyanping
2,2,jhv
2,2,jjok
2,2,greg0ire
2,2,jmleroux
2,2,damienalexandre
2,2,castamir
2,2,horsik
2,2,kengoldfarb
2,2,nervetattoo
2,2,KernelFolla
2,2,frosas
2,2,grandsopikat
2,2,Inoryy
2,2,kwijibo
2,2,lazos
2,2,laupifrpar
2,2,chr0n1x
2,2,a2xchip
2,2,lelivrescolaire
2,2,LeonardoCA
2,2,j0k3r
2,2,linchpin
2,2,zares
2,2,castarco
2,2,lord2800
2,2,Lexance
2,2,ryzy
2,2,maalls
2,2,ausi
2,2,maldicore
2,2,jonmchan
2,2,manuakasam
2,2,marks12
2,2,shieldo
2,2,craigmarvelley
2,2,mcrumm
2,2,mechanicious
2,2,jakabadambalazs
2,2,appdev@mesd.k12.or.us
2,2,dkreuer
2,2,michaelhue
2,2,miknatr
2,2,mikoweb
2,2,miguel250
2,2,mosiyash
2,2,mozarcik
2,2,faizal_t3
2,2,Tom
2,2,neeckeloo
2,2,iherak
2,2,noizu
2,2,zvonkov
2,2,MattKetmo
2,2,barryo
2,2,websta
2,2,paliari
2,2,panlatent
2,2,pbalan
2,2,cweiske
2,2,auroraeosrose
2,2,PendalF89
2,2,pentium10
2,2,nkrantz23
2,2,ralphschindler
2,2,k-enis
2,2,ihabunek
2,2,mbadolato
2,2,legierski
2,2,henriquemoody
2,2,viniciusss
2,2,phpugl
2,2,mullanaphy
2,2,pierswarmers
2,2,pinepain
2,2,WalterTamboer
2,2,pzorn
2,2,polem
2,2,pongocms
2,2,driesvints
2,2,workers
2,2,ptahdunbar
2,2,po_taka
2,2,ptcong
2,2,pupitooo
2,2,dmeikle
2,2,rafalzmuda
2,2,tux-rampage
2,2,Rarst
2,2,goyote
2,2,bixuehujin
2,2,Recensus
2,2,redefinelab
2,2,till
2,2,marc-bnt
2,2,drgomesp
2,2,estebanmatias92
2,2,rgies
2,2,ignace
2,2,curtisdf
2,2,robertkosten
2,2,robregonm
2,2,romainbessuges
2,2,sairiz
2,2,albertofem
2,2,nsashko
2,2,sandeepshetty
2,2,sandfox-im
2,2,sanyatuning
2,2,andylibrian
2,2,robfrawley
2,2,PSeiffert
2,2,sendyHalim
2,2,lshepstone
2,2,shota
2,2,Sija
2,2,Singrana
2,2,adrianmiu
2,2,slaff
2,2,smalot
2,2,smoya
2,2,afi
2,2,alexgisby
2,2,soqrate
2,2,sorora
2,2,srigi
2,2,johnstevenson
2,2,stevenmaguire
2,2,stijnhau
2,2,stvkoch
2,2,ipf
2,2,turbo-ele
2,2,isometriks
2,2,symflo
2,2,tbbc
2,2,toph
2,2,jlambe
2,2,electblake
2,2,thoom
2,2,thunderwolf
2,2,gwis
2,2,tintsoft
2,2,TinyAdmin
2,2,tobymackenzie
2,2,tmaiaroto
2,2,Trismegiste
2,2,tsantos84
2,2,silvervest
2,2,dfeyer
2,2,turanev.vladimir
2,2,uzproger
2,2,v-knyazev
2,2,clarkstuth
2,2,cerealean
2,2,lepermessiah57
2,2,wasinger
2,2,eriwin
2,2,Wake
2,2,jayaregalinada
2,2,wapmorgan
2,2,MadCatme
2,2,webdevgods
2,2,webtoucher
2,2,robertleeplummerjr
2,2,wittiws
2,2,Andrew Moore
2,2,mac-cain13
2,2,wrep
2,2,xiidea
2,2,yarec
2,2,yusukezzz
2,2,robneu
2,2,zenmagick
2,2,adminweb
2,2,Zertz
2,2,cmfcmf
2,2,noginn
2,2,slovacus
2,3,Jhon Mike
2,3,dedalozzo
2,3,51systems
2,3,m8rge
2,3,alex-patterson-webdev
2,3,fbrnc
2,3,enumag
2,4,arron
2,3,artur-gajewski
2,3,atrauzzi
2,3,azt3k
2,3,backbone87
2,3,bestnetwork
2,3,yoye
2,3,dancryer
2,3,traviskuhl
2,3,BurntCaramel
2,3,camcima
2,3,tiger-seo
2,3,mechanic
2,3,coldume
2,3,chrisguitarguy
2,4,csanquer
2,3,CupCakeFramework
2,3,rufinus
2,3,ezraobiwale
2,3,Gnucki
2,3,damnedest
2,3,nlegoff
2,3,DaveRandom
2,3,gimler
2,3,ddtraceweb
2,3,dennesabing
2,3,dfridrich
2,3,soeren-helbig
2,3,[-UFO-]Melkor
2,3,rdohms
2,3,nediam
2,3,lukasz.barulski
2,3,btnguyen2k
2,3,pizzavomito
2,3,e-commit
2,3,eko
2,3,ekowabaka
2,3,elcodedocle
2,3,Elerium
2,3,Srokap
2,3,ElMijo
2,3,emgiezet
2,3,epochblue
2,3,fsw
2,3,Exeu
2,3,nikolajpetersen
2,3,RdeWilde
2,3,fousheezy
2,3,teresko
2,3,jeremyFreeAgent
2,3,gavroche
2,3,gdbrown
2,3,gnupat
2,3,gonzalo123
2,3,hisorange
2,3,Vaince
2,3,eddymarques
2,3,idciconsulting
2,3,sesser
2,3,IRMServ
2,3,iteam-pro
2,4,interakting
2,4,korotovsky
2,3,iyoworks
2,3,Jalle19
2,3,Jleagle
2,4,freekrai
2,3,raymondjavaxx
2,3,JurJean
2,3,Kadet
2,3,Keeguon
2,3,KonstantinFilin
2,3,KonstantinKuklin
2,3,benatespina
2,4,jumilla
2,4,lcobucci
2,3,leedavis81
2,3,antonioperic
2,3,MarkLC
2,3,Arul
2,3,luxifer
2,3,magdkudama
2,3,magdev
2,3,malkusch
2,3,jibaomansaray
2,3,FabriZZio
2,3,RobinBressan
2,4,MASNathan
2,3,leonardograsso
2,3,leodido
2,3,hashar
2,3,josuesantos93
2,3,Xeoncross
2,3,Miliooo
2,4,mimmi20
2,4,mitchellvanw
2,4,mithun12000
2,3,mittwald-typo3
2,3,mkraemer
2,3,bd808
2,3,Flajavin
2,4,mtymek
2,3,mybuilder
2,3,ncuesta
2,3,bugalood
2,3,ofat
2,3,zhangtaihao
2,3,dmitriysoroka
2,3,lmammino
2,3,patlenain
2,3,guiwoda
2,3,mhlavac
2,3,nlenardou
2,3,qranio
2,4,XCMer
2,3,raphhh
2,4,colin1124x
2,3,rickysu
2,3,zomnium
2,3,vic
2,3,rogeriopradoj
2,4,pimax
2,4,ShadowPrince
2,3,ShonM
2,3,halkyon
2,3,slax0r
2,3,francisberesford
2,3,belgattitude
2,3,soundintheory
2,3,forzi
2,3,sumpygump
2,4,surebert
2,4,ravage84
2,3,ElectricMaxxx
2,3,riddles8888
2,3,stygiansabyss
2,3,NtynMichiel
2,3,wick-ed
2,3,teepluss
2,3,theD1360
2,3,there4
2,3,thesmart
2,3,travail
2,3,krzysztofjanus
2,3,tweedegolf
2,3,ukrcms
2,4,sumardi
2,4,unlight
2,3,unreal4u
2,3,mediacabinet
2,3,vgrdominik
2,3,voku
2,3,vadskakov
2,3,stellaqua
2,3,Xiphe
2,4,xrstf
2,3,xtremcreative
2,3,zacharyrankin
2,4,GuilhermeGuitte
2,4,alexeyshockov
2,5,arcavias
2,4,awakenweb
2,5,jrgns
2,4,DASPRiD
2,4,bedrest
2,4,bwoester
2,4,alexdover
2,4,codeless
2,4,KingCrunch
2,5,dannykopping
2,4,kornrunner
2,4,krakjoe
2,4,davidpersson
2,4,DynamicCodeNinja
2,4,dereuromark
2,4,devco
2,4,mcwebb
2,4,dnoegel
2,4,ekino
2,5,emmetog
2,4,fluxoft
2,5,gingerwfms
2,4,hnrysmth
2,4,yoosefi
2,4,ivoba
2,4,JamesHeinrich
2,4,jariberg
2,5,jasongrimes
2,6,gordonslondon
2,4,jenwachter
2,4,rhodesjason
2,4,caoimhin
2,4,lciolecki
2,4,matmar10
2,5,Metabor
2,4,willemmollie
2,4,McSodbrenner
2,4,nhagemann
2,5,noordawod
2,4,bryannielsen
2,5,Peej
2,6,tamagokun
2,4,redaxmedia
2,4,scandio
2,5,eddiezane
2,5,kunal732
2,5,scottmotte
2,5,martyndavies
2,4,Siwayll
2,4,jeremiahsmall
2,4,tom_anderson
2,5,warbo
2,5,weotch
2,6,winmillwill
2,4,kasperg
2,4,ZendExperts
2,4,Zhuravljov
2,7,ztec
2,5,adoy
2,5,AGL
2,5,ajbdev
2,5,akandels
2,6,nidup
2,5,andytruong
2,7,Chumper
2,5,djlambert
2,5,dsawardekar
2,5,ephp
2,5,blanchonvincent
2,7,FabienPennequin
2,7,gggeek
2,5,hollodotme
2,5,Icybee
2,6,indeyets
2,5,christiaan
2,5,pleckey
2,5,jansenfelipe
2,5,kbsali
2,5,scottrobertson
2,8,mewebstudio
2,5,ner0tic
2,5,juzna.cz
2,8,nodrew
2,5,grEvenX
2,5,barbushin
2,5,galen
2,6,h-sugawara
2,5,mdavis1982
2,5,delmot
2,7,enygma
2,5,Aleksey Korzun
2,7,ruudk
2,5,steph
2,5,Nicklog
2,5,vtalbot
2,6,alxmsl
2,6,bauer01
2,6,jhedstrom
2,6,edvinaskrucas
2,7,odi-um
2,7,cystbear
2,6,Matt
2,6,FriendsOfCake
2,6,Klaus Silveira
2,6,Mparaiso
2,6,navruzm
2,7,bytehead
2,7,sheeep
2,6,PhiloNL
2,6,romeOz
2,7,sandrokeil
2,6,ukautz
2,8,SocalNick
2,6,ticketpark
2,8,dannyvankooten
2,7,niahoo
2,7,DaemonAlchemist
2,7,dimsav
2,9,noodlehaus
2,9,helios
2,7,just-paja
2,8,ralf57
2,7,dubcanada
2,9,marcioAlmada
2,7,moderadev
2,7,AntonioCarlosRibeiro
2,8,Raphy
2,7,swquinn
2,7,shrink
2,8,stefanotorresi
2,7,nicoschoenmaker
2,7,nate
2,7,ckdarby
2,7,Vespakoen
2,9,asgoodasnew
2,8,devster
2,10,tmaindron
2,10,loige
2,9,machuga
2,9,nercury
2,10,CloCkWeRX
2,8,abraly
2,13,aferrandini
2,9,gunnarlium
2,9,ChristianRiesen
2,10,jeremykendall
2,11,meenie
2,9,roeltz
2,14,funkatron
2,10,adammbalogh
2,11,garoevans
2,11,Halama
2,10,topaz2
2,17,adri
2,10,sanpi
2,12,cvele
2,11,myclabs
2,17,Andrewsville
2,13,colymba
2,12,electrolinux
2,14,itsgoingd
2,18,nyamsprod
2,13,deadbeef84
2,17,EHER
2,16,lucifurious
2,13,dragoonis
2,14,markushausammann
2,14,brianr
2,15,loopj
2,22,danielstjules
2,21,weitzman
2,15,kevinlebrun
2,15,arnaud-lb
2,16,etrepat
2,18,PhenX
2,29,zb3k
2,17,a2lix
2,17,Tharos
2,19,zircote
2,19,Spea
2,21,jhallbachner
2,26,bshaffer
2,36,j4mie
2,36,durhamhale
2,21,UndefinedOffset
2,27,reinink
2,23,jakoch
2,25,skyzyx
2,29,chrisboulton
2,49,NeoBlack
2,48,mandrill
2,35,fosco
2,64,janmarek
2,38,d11wtq
2,75,textpattern
2,55,bjyoungblood
2,49,pda
2,74,toopay
2,79,terrafrost
2,82,ben
2,94,rodneyrehm
2,148,michelf
2,222,naderman
2,640,fig
2,1322,shama
1,1,0x46616c6b
1,1,marc-ewert
1,1,24HOURSMEDIA
1,1,adepretis
1,1,bountin
1,1,dready
1,1,craigchristenson
1,1,2tvenom
1,1,2upmedia
1,1,3ev
1,1,3scale.michal
1,1,EzequielPintos
1,1,4lan
1,1,blocktrail
1,1,navitronic
1,1,joshuagatcke
1,1,aaleksu
1,1,aamant
1,1,Abbe98
1,1,AbcAeffchen
1,1,abhinavsingh
1,1,abishekrsrikaanth
1,1,rahulmkhj
1,1,acelaya
1,1,timmillwood
1,1,hoyes
1,1,adamculp
1,1,adamsmeat
1,1,newPOPE
1,1,adrapl
1,1,adrexia
1,1,sknoth
1,1,aeryaguzov
1,1,dzuelke
1,1,ddelbondio
1,1,faulancer
1,1,agiuliano
1,1,AGmakonts
1,1,ozziest
1,1,ajbonner
1,1,ajessup
1,1,AndrewTarry
1,1,albertvision
1,1,chemel
1,1,alcaeus
1,1,alchemyai
1,1,ChicknAfraid
1,1,alecsammon
1,1,alex-butucea
1,1,alex-mn
1,1,AlexKovalevych
1,1,alexpw
1,1,alexshelkov
1,1,alexsoft
1,1,alihichem
1,1,_alK13
1,1,allmarkedup
1,1,pdrakeweb
1,1,almeida
1,1,alphacomm
1,1,alsar
1,1,amaly
1,1,amavis442
1,1,AMDG2
1,1,ammont
1,1,itavero
1,1,amyboyd
1,1,anahita
1,1,ZengineChris
1,1,AnasT
1,1,AndreasHeiberg
1,1,andig
1,1,Andre-487
1,1,andreas-glaser
1,1,AndreMyid
1,1,andrewhoule
1,1,andyburton
1,1,AndyDune
1,1,andywer
1,1,anorgan
1,1,anotherglobe
1,1,anselmdk
1,1,jeremymarc
1,1,alessandropietrobelli
1,1,EtienneG
1,1,snikch
1,1,apoutchika
1,1,imurchie
1,1,i3or1s
1,1,chemix
1,1,Aquanode
1,1,tawfekov
1,1,trivoallan
1,1,arcreative
1,1,arogozin
1,1,arkanmgerges
1,1,scube
1,1,monkeymonk
1,1,cherrylabs
1,1,danielsum
1,1,malian
1,1,ismailasci
1,1,martinssipenko
1,1,AshleyDawson
1,1,Asim
1,1,asiragusa
1,1,padakuro
1,1,jimcottrell
1,1,Athari
1,1,iaco
1,1,authorizenet
1,1,EvanDarwin
1,1,tufla
1,1,davidcuadrado
1,1,awallef
1,1,awjudd
1,1,axelarge
1,1,AyeAye
1,1,arnogeurts
1,1,bacbos
1,1,sokac
1,1,lotar
1,1,dpetek
1,1,Balihoo
1,1,drdamour
1,1,banago
1,1,basecom
1,1,basekit
1,1,daschl
1,1,batlock666
1,1,BauRo
1,1,apfelbox
1,1,quaninte
1,1,maurodalatri
1,1,garak
1,1,BenCavens
1,1,bensquire
1,1,BenTheDesigner
1,1,beryllium
1,1,akira
1,1,jfsimon
1,1,betterbrief
1,1,willmorgan
1,1,bezhermoso
1,1,fyamani
1,1,bfolliot
1,1,bhargav2785
1,1,bicpi
1,1,maetl
1,1,mkalkbrenner
1,1,sambohler
1,1,bitpay
1,1,thomaskerin
1,1,bkielbasa
1,1,BlaineSch
1,1,santiblanko
1,1,Vdelvin
1,1,blogwerk
1,1,bluedogtraining
1,1,piwi91
1,1,berthausmans
1,1,bluzphp
1,1,bussnet
1,1,Bodaclick
1,1,bojaspus
1,1,Leko
1,1,GDmac
1,1,ludovicchabant
1,1,misak113
1,1,joseph
1,1,bonroyage
1,1,boo1ean
1,1,bookability
1,1,borales
1,1,borisguery
1,1,borrey
1,1,mirzap
1,1,slartibart
1,1,BoxUK
1,1,perezjbryan
1,1,brabijan
1,1,bradfeehan
1,1,temp
1,1,BrainBoxLabs
1,1,breerly
1,1,bricks81
1,1,ricoli
1,1,brjpeters
1,1,brokencube
1,1,jehoshua02
1,1,patrickbrouwers
1,1,johnbrown
1,1,iWader
1,1,burzum
1,1,buse974
1,1,buskamuza
1,1,byCedric
1,1,bytefreak
1,1,byteincoffee
1,1,Martijn
1,1,ngroot
1,1,Cactucs
1,1,cangelis
1,1,rickdenhaan
1,1,carlescliment
1,1,carlosbuenosvinos
1,1,camurphy
1,1,inanepain
1,1,caxy
1,1,jschroed91
1,1,CayetanoSoriano
1,1,ceesvanegmond
1,1,racse1
1,1,cerbero
1,1,chajr
1,1,ChaosPower
1,1,charpand
1,1,marcguyer
1,1,chekun
1,1,Chellem
1,1,chigix
1,1,chinookproject
1,1,chobo1210
1,1,choomz
1,1,chrisbjr
1,1,chriscollins
1,1,chriskl
1,1,chrisnoden
1,1,chrsm
1,1,chunks
1,1,cinam
1,1,civocr
1,1,clancats
1,1,caseysoftware
1,1,nickpro
1,1,acin91
1,1,claudejanz
1,1,claudusd
1,1,Malkaduhimi
1,1,clever
1,1,Clever Age
1,1,fvilpoix
1,1,hranicka
1,1,VaclavSir
1,1,clouddueling
1,1,cloudmanic
1,1,cnam
1,1,cnlpete
1,1,fderbel
1,1,backender
1,1,mertenvg
1,1,reecefowell
1,1,perajovic
1,1,tavantzo
1,1,miccheng
1,1,mateusguerra
1,1,DaGhostman
1,1,wardpeet
1,1,Cofreeweb
1,1,cognifloyd
1,1,adric-s
1,1,javiyt
1,1,comeonfox
1,1,DrBenton
1,1,communitychair1
1,1,comolo
1,1,UlrickAsura
1,1,albyrock871
1,1,o0khoiclub0o
1,1,conarwelsh
1,1,Conekta
1,1,ConnorVG
1,1,consumerr
1,1,Mikel1961
1,1,coogle
1,1,wingman
1,1,coolms
1,1,core2pl
1,1,campuslane
1,1,Corpsee
1,1,CostaRico
1,1,AdrianSchneider
1,1,cowlby-old
1,1,cpjolly
1,1,cr0t
1,1,Bogi
1,1,chaudum
1,1,mwahl
1,1,smu
1,1,dobe
1,1,createproblem
1,1,credibility
1,1,levacic
1,1,morphsd
1,1,Crell
1,1,merkushin
1,1,ddart-pl
1,1,Crossjoin
1,1,EtienneLamoureux
1,1,pete_b
1,1,i198622
1,1,m1ke
1,1,cvweiss
1,1,james2001
1,1,Cyberrebell
1,1,cygnite
1,1,d0liver
1,1,raul782
1,1,Kyoya
1,1,pmartelletti
1,1,dafi
1,1,ChristianGaertner
1,1,juljuc
1,1,rs
1,1,KamilKopaczyk
1,1,dakota
1,1,noptic
1,1,dancras
1,1,dandarie
1,1,dandelionmood
1,1,danielmewes
1,1,Danoon
1,1,darkimmortal
1,1,Darkmatus
1,1,DaveChild
1,1,davefx
1,1,db80
1,1,dberry37388
1,1,dcousineau
1,1,vonnero
1,1,dannyded
1,1,ddelrio1986
1,1,Dearon
1,1,debach
1,1,decnorton
1,1,NiR-
1,1,degaray
1,1,dehare
1,1,delahaye
1,1,etc
1,1,DemonTPx
1,1,DennisPallett
1,1,stephans
1,1,adame
1,1,vatt2001
1,1,devello
1,1,devfactory
1,1,xdubois
1,1,gigo6000
1,1,danielholmes
1,1,aripringle
1,1,digila
1,1,pitpit
1,1,dinke
1,1,discophp
1,1,jbhamilton
1,1,dittertp
1,1,merajdotsa
1,1,divsmith
1,1,dizda
1,1,dkd
1,1,sascha.egerer
1,1,dmelo
1,1,marcospassos
1,1,dmyers
1,1,tacker
1,1,MrHash
1,1,dogancelik
1,1,diaspar
1,1,DotZecker
1,1,douggr
1,1,dolphin
1,1,dengophp
1,1,bjo3rnf
1,1,DracoBlue
1,1,dragonfire1119
1,1,drahak
1,1,Drarok
1,1,drexarj
1,1,demortis
1,1,dritc-ci
1,1,drmonty
1,1,danillos
1,1,generalredneck
1,1,adidac
1,1,drymek
1,1,dudapiotr
1,1,dV
1,1,dvdoug
1,1,emulienfou
1,1,troymccabe
1,1,akozlov
1,1,yitznewton
1,1,javiereguiluz
1,1,easylo
1,1,beinarovic
1,1,eberhm
1,1,ebernhardson
1,1,echo511
1,1,eddiejaoude
1,1,kufi
1,1,Nemrtvej
1,1,elkorchi
1,1,eexit
1,1,TortueTorche
1,1,floeH
1,1,elcuro
1,1,eduardo-matos
1,1,emotionLoop
1,1,phpfour
1,1,Sysanin
1,1,abogomolov
1,1,eosnewmedia
1,1,pmarien
1,1,epokmedia
1,1,arroyolabs
1,1,ericclemmons
1,1,erickmcarvalho
1,1,erickmerchant
1,1,erivello
1,1,Erliz
1,1,Nekith
1,1,ehkasper
1,1,esendex
1,1,jimgolfgti
1,1,esserj
1,1,nkalush
1,1,ndacosta
1,1,ClementGautier
1,1,euantorano
1,1,EugeniyPetrov
1,1,evaldobarbosa
1,1,vmattila
1,1,nuclear
1,1,evernote
1,1,rekotan
1,1,Laurent-Sarrazin
1,1,Evertos
1,1,everton-ers
1,1,eviweb
1,1,Chuvisco88
1,1,evopix
1,1,gsms.lt
1,1,sgarner
1,1,Extaze
1,1,Eyjafjallajokull
1,1,F21
1,1,fabys
1,1,theface
1,1,faclib
1,1,fyzlman
1,1,santiago
1,1,fduch
1,1,felixkiss
1,1,filipac
1,1,Filix
1,1,motteneder
1,1,fire015
1,1,fitztrev
1,1,fiunchinho
1,1,fkrauthan
1,1,flemeur
1,1,florianv
1,1,AidasK
1,1,kitsunet
1,1,Koohiisan
1,1,franzliedke
1,1,Flyguy
1,1,allanfreitas
1,1,landons
1,1,anthem
1,1,fobilow
1,1,foglcz
1,1,fool
1,1,danielnunez
1,1,assertchris
1,1,jfortunato
1,1,forxer
1,1,fozeek
1,1,fpasquet
1,1,fpeters
1,1,tobiassjosten
1,1,franz-deleon
1,1,fredjuvaux
1,1,fritz-payment
1,1,frizzy
1,1,bigboard
1,1,btamilio
1,1,akimsko
1,1,mfrost503
1,1,frostealth
1,1,fruitware.ru
1,1,ftrrtf
1,1,fulgurio
1,1,fullonpro
1,1,fullpipe
1,1,fungku
1,1,Garfield-fr
1,1,furey
1,1,jkimbo
1,1,davidroth
1,1,mburtscher
1,1,fuzzysteve
1,1,fwahlqvist@gmail.com
1,1,fwallen
1,1,fxlacroix
1,1,gabrielelana
1,1,glkz
1,1,gamer-network
1,1,Gargron
1,1,aimfeld
1,1,abbish
1,1,gecatalin
1,1,timoh6
1,1,george-oakling
1,1,georgeh
1,1,gerardog8
1,1,tbarbugli
1,1,Dawnthorn
1,1,giftcards
1,1,Gisleburt
1,1,ggodlewski
1,1,gkcgautam
1,1,wpottier
1,1,go
1,1,goabonga
1,1,pokoot
1,1,vtsao
1,1,saturnism
1,1,matgou
1,1,gosukiwi
1,1,PierreRambaud
1,1,GildasQ
1,1,graste
1,1,graze
1,1,GreenCape
1,1,witchi
1,1,dzegarra
1,1,btemperli
1,1,gridonic
1,1,gries
1,1,griffbrad
1,1,gruzilla
1,1,PackageHub
1,1,GordonSchmidt
1,1,mgufron
1,1,guhelski
1,1,guide42
1,1,joksnet
1,1,matt-usurp
1,1,Lumbendil
1,1,gxela
1,1,hacafrakus
1,1,halil
1,1,ddebree
1,1,hasbridge
1,1,hassankhan
1,1,hawkeye0203
1,1,nealerickson
1,1,fatcrobat
1,1,hellogerard
1,1,heureka
1,1,hfrahmann
1,1,hglattergotz
1,1,Hideks
1,1,hieblmedia
1,1,himiklab
1,1,hindle
1,1,slot
1,1,jbrooksuk
1,1,hirak
1,1,hiromi2424
1,1,hnesk
1,1,holzweg
1,1,majicoin
1,1,HostBox
1,1,yannickl88
1,1,HotelQuickly
1,1,hpkns
1,1,kesar
1,1,huitiemesens
1,1,Dachande663
1,1,pandory-network
1,1,HydraxSkarrag
1,1,johmanx10
1,1,Rvanlaak
1,1,iakio
1,1,icewind1991
1,1,lex009
1,1,ideatic
1,1,ideato
1,1,idetia
1,1,idr0id
1,1,igdr
1,1,igor822
1,1,paxal
1,1,doup
1,1,BorisMorel
1,1,jacktasia
1,1,Immocaster
1,1,m3byte
1,1,impleri
1,1,imsky
1,1,IgorTimoshenko
1,1,inalgnu
1,1,hscstudio
1,1,fdicioccio
1,1,ingro
1,1,purplefish32
1,1,intrepion
1,1,ipalaus
1,1,akadlec
1,1,ironer
1,1,ishenkoyv
1,1,iambrosi
1,1,corrupt
1,1,katgirl
1,1,istvan-ujjmeszaros
1,1,isuvorov
1,1,sam0delkin
1,1,itlized
1,1,ivan-chkv
1,1,ivan1986
1,1,ivanlemeshev
1,1,ivixlabs
1,1,jakubigla
1,1,jakubkulhan
1,1,james481
1,1,Jamesking56
1,1,jan-swiecki
1,1,jandlouhy
1,1,byron-janrain
1,1,lucasvanlierop
1,1,nanaweb
1,1,kubajz
1,1,jasonroman
1,1,bacon
1,1,Jaspur
1,1,tenfef
1,1,jayzeng
1,1,jb18
1,1,Fale
1,1,jeboehm
1,1,dakatsuka
1,1,yazeed
1,1,jdgrimes
1,1,JonasDoebertin
1,1,jeka
1,1,hdctambien
1,1,jerive
1,1,jeskew
1,1,johnbenz
1,1,jgrossi
1,1,jhonatanTeixeira
1,1,jhow33
1,1,killmenot
1,1,schnipseljagd
1,1,Jironett
1,1,yanoosh
1,1,jjanvier
1,1,jlaso
1,1,jlborrero
1,1,Jlem
1,1,jlm-entreprise
1,1,jmcclell
1,1,jlong
1,1,jmfontaine
1,1,jonaswouters
1,1,real34
1,1,johngrogg
1,1,taion
1,1,xavierlacot
1,1,jonlil
1,1,jonnyw
1,1,Jono M
1,1,jonshutt
1,1,JorgenPhi
1,1,jorns
1,1,josgilmo
1,1,ricomonster
1,1,roelvanduijnhoven
1,1,Atriedes
1,1,jrmadsen67
1,1,js
1,1,jschaedl
1,1,jschr
1,1,adam-lynch
1,1,jsmitka
1,1,jstayton
1,1,Jstewmc
1,1,jasvrcek
1,1,jswhetstone
1,1,cspoo
1,1,JustDevelop
1,1,Tschebel
1,1,JustinBusschau
1,1,justintadlock
1,1,justinwalsh
1,1,angelside
1,1,jwingy
1,1,kachkaev
1,1,kajala
1,1,kakawait
1,1,kakserpom
1,1,lexa-uw
1,1,lazychaser
1,1,mermshaus
1,1,OriHoch
1,1,andrejkukucka
1,1,kaz29
1,1,kelemen.samuel
1,1,keltanas
1,1,keradus
1,1,KevinSPerrine
1,1,kotfalya
1,1,kh411d
1,1,kibao
1,1,schaitanya
1,1,kigsf
1,1,kijin
1,1,killerwolf
1,1,kindari
1,1,a.alexi
1,1,kingcoyote
1,1,kix
1,1,kkamkou
1,1,klawd-prime
1,1,kleiram
1,1,mwgamera
1,1,klinkesolutions
1,1,matthiaskluth
1,1,kmelia
1,1,maerlyn
1,1,owner
1,1,knyga
1,1,komex
1,1,allanroberto18
1,1,EmanueleMinotto
1,1,prophetz
1,1,saku
1,1,urakozz
1,1,h112367
1,1,jspekken
1,1,Arilas
1,1,ksenzee
1,1,kstefan
1,1,pavelkucera
1,1,apk
1,1,kud
1,1,evanmaastrigt@gmail.com
1,1,kwible
1,1,kylecannon
1,1,l3l0
1,1,delaf
1,1,launchkey
1,1,LaurentGruber
1,1,lavary
1,1,iScotts
1,1,lboynton
1,1,globin
1,1,leek
1,1,leftclick
1,1,tgalopin
1,1,bweston92
1,1,damien_legrand
1,1,leonardothibes
1,1,leric
1,1,ginsterbusch
1,1,slashfan
1,1,jeromemacias
1,1,lfbittencourt
1,1,leiha
1,1,astehlik
1,1,hairmare
1,1,Liebig
1,1,arall
1,1,gregholland
1,1,canaydogan
1,1,linclark
1,1,Linkdup
1,1,dahlia
1,1,litek
1,1,litleSDK
1,1,litvinok
1,1,beporter
1,1,moranjk
1,1,logger
1,1,logue
1,1,waisir
1,1,lookyman
1,1,lukasjapan
1,1,Lansoweb
1,1,slashbunny
1,1,lrezek
1,1,davidsanchezcrespillo
1,1,ltouro
1,1,lukoko
1,1,ffd114
1,1,xzayda
1,1,developers.crowdmetric
1,1,lx
1,1,m0zart89
1,1,M4E
1,1,benjam1
1,1,peterkokot
1,1,Michal Prochowski
1,1,mabrahamde
1,1,mabuzagu
1,1,MacFJA
1,1,Aerialls
1,1,madebydavid
1,1,crapougnax
1,1,zlik
1,1,bragento
1,1,mage2-team
1,1,andrehrf
1,1,magyarjeti
1,1,maiconpinto
1,1,notrix
1,1,makhov
1,1,mamuz
1,1,davidstelter
1,1,ManneW
1,1,jdeniau
1,1,marcelog
1,1,marcelomx
1,1,marciocamello
1,1,marcojetson
1,1,mic2100
1,1,MarijnKoesen
1,1,mariusmandal
1,1,markwilson
1,1,xyanide
1,1,marten
1,1,martijngastkemper
1,1,martinlindhe
1,1,martinsdeee
1,1,martynbiz
1,1,marcmascarell
1,1,mathiasgrimm
1,1,matks
1,1,matrunchyk
1,1,georgecrawford
1,1,matthew-andrews
1,1,MatthiewF
1,1,MattThommes
1,1,kamilz
1,1,Max13
1,1,maxazan
1,1,maxhoffmann
1,1,maxondesign
1,1,maxvanceffer
1,1,maxxscho
1,1,dsp
1,1,jensklose
1,1,mbilbille
1,1,mbischof
1,1,mbrevda
1,1,mcg-web
1,1,mch0lic
1,1,mdlayher
1,1,mdwheele
1,1,mechastorm
1,1,vedmaka
1,1,Nikerabbit
1,1,hcasatti
1,1,mesilov
1,1,meSingh
1,1,joeholdcroft
1,1,bviolier
1,1,messagebooster
1,1,metaclass-nl
1,1,hek2mgl
1,1,mexitek
1,1,mfdj
1,1,mfn
1,1,mgargano
1,1,mikegibson
1,1,mgdigital
1,1,mgp25
1,1,mgribov
1,1,miaokuan
1,1,michaelesmith
1,1,MichaelGooden
1,1,micjohnson
1,1,mickrip
1,1,boksiora
1,1,miguelibero
1,1,mihkels
1,1,mikakane
1,1,MikeRoetgers
1,1,Mikulas
1,1,Miladrey
1,1,Miljar
1,1,miloschuman
1,1,jacobsantos
1,1,Nami-Doc
1,1,mikeemoo
1,1,mishal
1,1,misterion
1,1,mitallast
1,1,mkrmr
1,1,mlntn
1,1,mmxca
1,1,mobileka
1,1,mobishift
1,1,opengeek
1,1,jperichon
1,1,lkhaas
1,1,meandmymonkey
1,1,MonsterGfx
1,1,marcgear
1,1,rajeshtaneja
1,1,daKmoR
1,1,Brammm
1,1,morki
1,1,morrelinko
1,1,benzittlau
1,1,movi-fw
1,1,edhelas
1,1,patforg
1,1,mpratt
1,1,mrdm-nl
1,1,mreschke
1,1,mrferos
1,1,MrTool
1,1,mrzard
1,1,Judzhin
1,1,msiviero
1,1,deadlugosi
1,1,mudasobwa
1,1,MurgaNikolay
1,1,dzey
1,1,phpmike
1,1,mwhite
1,1,gonzakpo
1,1,zeroclaster
1,1,Easen
1,1,ipascual
1,1,Naji
1,1,namreg
1,1,hossam-fares
1,1,dani33
1,1,duskohu
1,1,nathanmac
1,1,natxet
1,1,tinhphong007
1,1,nayjest
1,1,nb
1,1,Redemption
1,1,nephre
1,1,netbrain
1,1,ilukac
1,1,Netvlies Internetdiensten
1,1,preichmuth
1,1,sbrodersen
1,1,ychadwick
1,1,nevstokes
1,1,m038
1,1,nexon
1,1,virgiligarcia
1,1,gejadze
1,1,ngyuki
1,1,nickcv
1,1,ndm
1,1,niels-nijens
1,1,nielse63
1,1,nightlinus
1,1,nikita2206
1,1,nilsabegg
1,1,no22
1,1,noccy80
1,1,devaddiction
1,1,noetix
1,1,noherczeg
1,1,tiagolopes
1,1,gil0mendes
1,1,nonluxi
1,1,maxcal
1,1,notwin
1,1,slye44
1,1,Octavian
1,1,o100ja
1,1,jbout
1,1,oauth-io
1,1,sw_double
1,1,oculus
1,1,odan
1,1,lcf
1,1,mihaeu
1,1,ogogo
1,1,ok2uec
1,1,olamedia
1,1,olegkhuss
1,1,oliverde8
1,1,oliverlorenz
1,1,oliviermadre
1,1,omissis
1,1,onelogin
1,1,pitbulk
1,1,darkilliant
1,1,arran
1,1,Pocket7878
1,1,fdemiramon
1,1,grobmeier
1,1,openpayu
1,1,mkurzeja
1,1,AlexandreToyer
1,1,BlackScorp
1,1,batosai
1,1,fabfuel
1,1,oranj
1,1,alexdean
1,1,ornj
1,1,abdeltiflouardi
1,1,oscarpalmer
1,1,osedodomed2014
1,1,osimek1
1,1,reghan
1,1,abiusx
1,1,Burnsy
1,1,antoniozzo
1,1,robinlehrmann
1,1,oziks
1,1,ozzyfant
1,1,phillies2k
1,1,Padam87
1,1,pafnow
1,1,drekinov
1,1,MackesLP
1,1,PagSeguro
1,1,stephandesouza
1,1,FalkoJoseph
1,1,dpoltoratsky
1,1,jonpeck
1,1,EuKov
1,1,parfumix
1,1,parkji
1,1,paudebau
1,1,paulgessinger
1,1,Rican7
1,1,pavlinter
1,1,EagleEyeJohn
1,1,postalservice14
1,1,ebihara
1,1,keithws
1,1,oliverklee
1,1,blumfontein
1,1,austinsmorris
1,1,ponteineptique
1,1,petersuhm
1,1,peterzadori
1,1,petrepatrasc
1,1,pgmillon
1,1,woledzki
1,1,KorsaR-ZN
1,1,lantian
1,1,phast
1,1,pheme
1,1,pocesar
1,1,ghousseyn
1,1,phil
1,1,philiplb
1,1,Blackshawk
1,1,Phobetor
1,1,thebra
1,1,php-engineer
1,1,rafsoaken
1,1,lkorth
1,1,Raphael Stolt
1,1,shouze1
1,1,php-nik
1,1,duedal
1,1,Borodin
1,1,kinncj
1,1,oasynnoum
1,1,nijel
1,1,Narno
1,1,anatoo
1,1,shamimhasan
1,1,kulak
1,1,PsyduckMans
1,1,phstc
1,1,inkrement
1,1,architect0317
1,1,piqus
1,1,popphoenix
1,1,pixassociates
1,1,HudsonT12
1,1,pixline
1,1,pjdietz
1,1,notadaytoosoon
1,1,mdoelker
1,1,pleonasm
1,1,gargoyle
1,1,haugstrup
1,1,eteubert
1,1,pokap
1,1,poliander
1,1,polidog
1,1,mrbase
1,1,daFish
1,1,popthestack
1,1,PorkChopSandwiches
1,1,positivezero
1,1,vitaliy-urazov
1,1,poste9
1,1,SHyx0rmZ
1,1,Tpt
1,1,gregory90
1,1,justjkk
1,1,bonidier
1,1,prezent
1,1,prgTW
1,1,ChiperSoft
1,1,primalbase
1,1,mazen
1,1,promaker
1,1,prosoftSolutions
1,1,proxima
1,1,psamatt
1,1,ptejada
1,1,ptlis
1,1,Eluinhost
1,1,pulse00
1,1,purekid
1,1,jrschumacher
1,1,yyoyo
1,1,Pym
1,1,pyrello
1,1,tobyS
1,1,QafooLabs
1,1,nbazire
1,1,7c00
1,1,TonyArra
1,1,qlcorp
1,1,qu
1,1,ThibaudDauce
1,1,calimaborges
1,1,radic
1,1,shacharsol
1,1,raftalks
1,1,teito79
1,1,emsifa
1,1,ralphowino
1,1,rampa
1,1,raphox
1,1,nicwortel
1,1,caramba1337
1,1,RavaSoft
1,1,raykwok
1,1,rbone
1,1,bomberman1990
1,1,rdehnhardt
1,1,ethos49
1,1,kengolovin
1,1,rebolon
1,1,nederdirk
1,1,maZahaca
1,1,Redexperts
1,1,redhead
1,1,khelonium
1,1,regeda
1,1,wshafer
1,1,rodmcnew
1,1,remdan
1,1,remithomas
1,1,clarkeash
1,1,restricted
1,1,rev42
1,1,tyx
1,1,shouze
1,1,rfink
1,1,nacmartin
1,1,daveawb
1,1,ricardoh
1,1,richardsjoqvist
1,1,richestsoft
1,1,jofner
1,1,rithis
1,1,rcambien
1,1,Tux-oid
1,1,rmatil
1,1,rmrevin
1,1,guysung
1,1,robbertkl
1,1,robbrazier
1,1,robstrong
1,1,robteifi
1,1,dustinmoorman
1,1,rodchyn
1,1,rogeriolino
1,1,TomiS
1,1,Rojtjo
1,1,romanpitak
1,1,romaricdrigon
1,1,retlehs
1,1,hazbo
1,1,rtconner
1,1,RubaXa
1,1,lembadm
1,1,rubn-g
1,1,rumeau
1,1,tomschlick
1,1,runscope
1,1,brianjmiller
1,1,ruudy
1,1,lafiosca
1,1,ryakad
1,1,ryanhungate
1,1,kris.rybak
1,1,ryu818
1,1,rzeka
1,1,S1lentium
1,1,nexik
1,1,sad-spirit
1,1,siwinski
1,1,sailthru-noc
1,1,sakren
1,1,Šaman
1,1,SammyK
1,1,sandello.alkr
1,1,sandstormmedia
1,1,joacodeviaje
1,1,sasedev
1,1,sastrawi
1,1,satrun77
1,1,scarjo11
1,1,scheb
1,1,SPiD
1,1,stonetwig
1,1,joawan
1,1,Schmutzka
1,1,bobfloats
1,1,hpmewes
1,1,sdboyer
1,1,fesja
1,1,Francky683
1,1,seeclickfix
1,1,selvinortiz
1,1,rendom
1,1,denderello
1,1,raulferras
1,1,sergebezborodov
1,1,SergeyTsalkov
1,1,sergiuszm
1,1,arekkas
1,1,Sersid
1,1,jmauerhan
1,1,Setasign
1,1,mark9000
1,1,dimaip
1,1,SergeiGulin
1,1,sumit_2803
1,1,sgrodzicki
1,1,shade
1,1,shadowfax
1,1,shanethehat
1,1,shavyg2
1,1,adrianmoya
1,1,sherry
1,1,shin1x1
1,1,shinymayhem
1,1,shkm
1,1,shootproof
1,1,baikunz
1,1,silpion
1,1,arambalakjian
1,1,kimsia
1,1,simonisonline
1,1,adrianmejias
1,1,flylord
1,1,renq
1,1,ashep
1,1,neves
1,1,sixdayz
1,1,6dg
1,1,Alan01252
1,1,sizuhiko
1,1,sjanjic
1,1,sketchwp
1,1,skillberto
1,1,skonsoft
1,1,sktzoootech
1,1,Slam
1,1,panagiotis
1,1,sleeping-owl
1,1,jaimerod
1,1,fsilva
1,1,christianvermeulen
1,1,sebalf
1,1,archfizz
1,1,small-team
1,1,smasty
1,1,smirik
1,1,smmoosavi
1,1,smoench
1,1,smurfy
1,1,djfrailey
1,1,snapshotpl
1,1,daviddel
1,1,grahammccarthy
1,1,SobanVuex
1,1,noisebynorthwest
1,1,exec
1,1,softius
1,1,boonxiong
1,1,soju
1,1,soldotno
1,1,soli
1,1,Solire
1,1,f1nder
1,1,SerzhEvtushenko
1,1,ycicom
1,1,soramugi
1,1,jamescauwelier
1,1,SpeedyPHP
1,1,spindle
1,1,spinegar
1,1,ghassani
1,1,SplicePHP
1,1,spolischook
1,1,sqrt-pro
1,1,deblockt
1,1,staabm
1,1,stanlemon
1,1,yvoyer
1,1,stecman
1,1,stefanius
1,1,stefangabos
1,1,stefanheinen
1,1,stephanecollot
1,1,moustik
1,1,stillman
1,1,stk2k
1,1,Stolz
1,1,th3hamburgler
1,1,subdee
1,1,rkrv
1,1,sunhater
1,1,superruzafa
1,1,SuRaMoN
1,1,mathieulesniak
1,1,svile
1,1,symm
1,1,NicParry
1,1,Synchro
1,1,maxgu
1,1,ta3ta1
1,1,meza
1,1,xavismeh
1,1,Talus
1,1,tappleby
1,1,tarioch
1,1,taviroquai
1,1,vir-mir
1,1,tburry
1,1,tdammers
1,1,gajdaw
1,1,Teamsisu
1,1,leonnleite
1,1,natebrunette
1,1,mwitte
1,1,rbeccaceci
1,1,techsterx
1,1,Telenok company
1,1,mdopt
1,1,temafey
1,1,jhonnybail
1,1,testabit
1,1,wjaspers
1,1,garadox
1,1,fiddur
1,1,mathroc
1,1,MihaiP
1,1,TFarla
1,1,that0n3guy
1,1,themainframe
1,1,Mallen
1,1,nicbaz
1,1,theodorDiaconu
1,1,theorx
1,1,ThePixelDeveloper
1,1,TheRatG
1,1,chriswoodford
1,1,thiagoalessio
1,1,thiagotalma
1,1,Brammers
1,1,ThomasMrln
1,1,thomaspark
1,1,thomasvargiu
1,1,thomseddon
1,1,gehrc
1,1,mjolnic
1,1,vipul.dadhich
1,1,dominicboutin
1,1,kjagiello
1,1,tibounise
1,1,tickbw
1,1,Fonso
1,1,TiMESPLiNTER
1,1,timonf
1,1,spocke
1,1,andru
1,1,titledk
1,1,tedslittlerobot
1,1,tmf
1,1,tmont
1,1,klr
1,1,toaotc
1,1,yassirh
1,1,tomgrohl
1,1,TomBZombie
1,1,tomk
1,1,toofff
1,1,topthink
1,1,torchline
1,1,berkerpeksag
1,1,totten
1,1,Touki
1,1,toxygene
1,1,ashwinks
1,1,sictoz
1,1,trigig
1,1,ttsuruoka
1,1,tufan
1,1,tureki
1,1,skiedr
1,1,tuupola
1,1,toretto460
1,1,dieg0v
1,1,Tyloo
1,1,tymondesigns
1,1,helhum
1,1,BirknerAlex
1,1,uchiko
1,1,uestla
1,1,uglide
1,1,UgoSansH
1,1,ojhaujjwal
1,1,zachstarnes
1,1,prusov
1,1,undelete
1,1,frenchcomp
1,1,tiois
1,1,thomasbachem
1,1,fran6co
1,1,dmitry-mukhin
1,1,uran1980
1,1,urmaul
1,1,userapp
1,1,uservoice
1,1,raimo
1,1,pepov
1,1,stratiator
1,1,oker1
1,1,lukesv
1,1,vakata
1,1,BassemN
1,1,brunogaspar
1,1,valorin
1,1,Machiel
1,1,zeopix
1,1,matthijsvandenbos
1,1,matejvelikonja
1,1,duellsy
1,1,verdet23
1,1,verschoof
1,1,vesselinv
1,1,thedotedge
1,1,greedo
1,1,Dashron
1,1,sclm
1,1,VinceG
1,1,lennerd
1,1,VitoNordloh
1,1,vivaserver
1,1,VladaHejda
1,1,voda
1,1,alexandrevoilab
1,1,karamasoff
1,1,vojtechdobes
1,1,k-holy
1,1,voodoo-mobile
1,1,mbonneau
1,1,ross-p
1,1,vvondra
1,1,vymak
1,1,sildraug
1,1,walkeralencar
1,1,wan2land
1,1,Wangoviridans
1,1,ericbarnes
1,1,jiggermix
1,1,phindmarsh
1,1,web-solution
1,1,WebbuildersGroup
1,1,rastone
1,1,mihard
1,1,LeisureLarry
1,1,webmil
1,1,weboftalent
1,1,tomykaira
1,1,hmsk
1,1,sowawa
1,1,sgtk
1,1,JasWSInc
1,1,paysera.com
1,1,webtorque
1,1,webtotal
1,1,weckx
1,1,WedgeSama
1,1,weltklugheit
1,1,wenbin1989
1,1,Firehed
1,1,wesleywillians
1,1,wesnick
1,1,xarem
1,1,whisller
1,1,Jshauk
1,1,wildsurfer
1,1,willgriffin
1,1,williamurbano
1,1,willishq
1,1,WillSkates
1,1,winks
1,1,ranm8
1,1,Wixel
1,1,wooshell
1,1,wotek
1,1,wowo
1,1,wpcore
1,1,megawubs
1,1,wvanbreukelen
1,1,XApp-Studio
1,1,itrascastro
1,1,xiongchuan86
1,1,FraGoTe
1,1,XoneFobic
1,1,thekid
1,1,kiesel
1,1,yaapis
1,1,yagmikita
1,1,yajra
1,1,yandex-money
1,1,melnikovdv
1,1,yannHardouin
1,1,ycheukf
1,1,damonjones
1,1,Palethorn
1,1,yftzeng
1,1,disem
1,1,Simon_wu
1,1,yiiers
1,1,yiistudio
1,1,vazgen
1,1,riad
1,1,yoya
1,1,yquan
1,1,yriveiro
1,1,yuanqing
1,1,yungsters
1,1,yupe
1,1,yurkinx
1,1,yutin1987
1,1,zachsoft
1,1,zaininnari
1,1,khamer
1,1,zdenekdrahos
1,1,zeflasher
1,1,ZeinEddin
1,1,maximep
1,1,devarispbrown
1,1,zendmaniacs
1,1,zenry
1,1,zeroem
1,1,kwizzn
1,1,Andy0708
1,1,fabiocarneiro
1,1,g4b0
1,1,t-geindre
1,1,zonuexe
1,1,zoopcommerce
1,1,dzentota
1,1,zulfajuniadi
1,1,jrbasso
1,1,zunitec
1,1,zf
1,1,Capenus
1,1,ZzAntares
1,2,harto
1,2,AD7six
1,2,adambrett
1,2,dregad
1,2,gary_rafferty
1,2,alecesaro
1,2,vania-pooh
1,2,neiron
1,2,Amaury Bouchard
1,2,anthony
1,2,asm
1,2,assisrafael
1,2,pedrofs
1,2,jdewit
1,2,awmedia
1,2,axsy
1,2,samuelwilliams
1,2,aipp
1,2,shulard
1,2,biberltd
1,2,harryxu
1,2,bishopb
1,2,Bittarman
1,2,leejinlin
1,2,bramus
1,2,brandonwamboldt
1,2,bjdelange
1,2,Burgov
1,2,c33s
1,2,callfire
1,2,caouecs
1,2,njam
1,2,cbschuld
1,2,chargebee
1,2,christianblos
1,2,chuyskywalker
1,2,codaxis
1,2,codeaken
1,2,codersquad
1,2,Codingbean
1,2,iriber
1,2,crash21
1,2,dragonwize
1,2,constantcontact
1,2,Mibaatwork
1,2,laszlokorte
1,2,cundd
1,2,itcreator
1,2,dannytrue
1,2,davispeixoto
1,2,denkfabrik-neueMedien
1,2,deresh
1,2,twistor
1,2,digitalnature
1,2,digitronac
1,2,florian.klein@free.fr
1,2,reddragon010
1,2,drewm
1,2,benjamindavid
1,2,shen2
1,2,eabay
1,2,kruemel
1,2,IvanChepurnyi
1,2,hacfi
1,2,adamgoucher
1,2,brettp
1,2,JcRicaro
1,2,Emagister
1,2,emilsundberg
1,2,Entea
1,2,eriknyk
1,2,sotarok
1,2,evolution7
1,2,eXorus
1,2,experience
1,2,adirkuhn
1,2,felixpfeiffer
1,2,fideloper
1,2,fisharebest
1,2,jaguero
1,2,flynsarmy
1,2,fridge
1,2,janhartigan
1,2,gajus
1,2,geraintluff
1,2,gergelypolonkai
1,2,geshi
1,2,Gabriel
1,2,Gigablah
1,2,Esysteme
1,2,Crinsane
1,2,dschenk
1,2,TheGrumpyDictator
1,2,guiguiboy
1,2,siegfried1e
1,2,kmontag
1,2,hardchor
1,2,hnw
1,2,hobnob
1,2,wolfwolker
1,2,mtibben
1,2,martin.kuster
1,2,tim
1,2,ichikaway
1,2,illagrenan
1,2,bkuhl
1,2,sanchothefat
1,2,c1tru55
1,2,itkg-mduplouy
1,2,j20
1,2,repli2dev
1,2,jarnstedt
1,2,jfritschi
1,2,jayc89
1,2,jbboehr
1,2,jcroll
1,2,jd
1,2,jenolan
1,2,joomlatools
1,2,jordscream
1,2,judev
1,2,julien-c
1,2,karser
1,2,kaystrobach
1,2,kareiva
1,2,bretthardin
1,2,kitpagesSeb
1,2,borjaeu
1,2,Klarna
1,2,mikemand
1,2,PedroTroller
1,2,EvanPurkhiser
1,2,sebastianhoitz
1,2,koraktor
1,2,kriansa
1,2,jonrandoem
1,2,lenius
1,2,bbankowski
1,2,piotrooo
1,2,woru
1,2,lichtner
1,2,liverbool
1,2,loco
1,2,timwhitlock
1,2,drzax
1,2,MageTest
1,2,marcqualie
1,2,mathielen
1,2,visa4
1,2,fntlnz
1,2,matthewfl
1,2,MatyCZ
1,2,fogs
1,2,maxromanovsky
1,2,mbohuslavek
1,2,btcdrak
1,2,mdanter
1,2,ronfroy
1,2,mediawiki
1,2,mibe
1,2,micmania1
1,2,milonemilo
1,2,misfrog
1,2,mkjpryor
1,2,akkie
1,2,morrison.levi
1,2,mikael_roos
1,2,derekdowling
1,2,MrJuliuss
1,2,mvanduijker
1,2,devosc
1,2,nass600
1,2,necromant2005
1,2,pawaclawczyk
1,2,krymen
1,2,lordlele
1,2,dennisbirkholz
1,2,starx
1,2,nickvergessen
1,2,nielsradstake
1,2,nixilla
1,2,0hex
1,2,northern
1,2,Netzweberei
1,2,marcaube
1,2,olegstepura
1,2,edwines_
1,2,edwines
1,2,x86demon
1,2,woodworker
1,2,panique
1,2,pasadinhas
1,2,jon
1,2,grknight
1,2,tomdmaguire
1,2,Peekmo
1,2,Phil-F
1,2,delkia
1,2,khoaofgod
1,2,phpro
1,2,torches
1,2,pinano
1,2,fergardi
1,2,sgiehl
1,2,pklink
1,2,poeticdragon
1,2,esion
1,2,k42b3
1,2,pubnub
1,2,MisterPuddin
1,2,leopro
1,2,Qafoo
1,2,qiniusdk
1,2,mamchenkov
1,2,quickapps
1,2,Azirius
1,2,bhofmann
1,2,rezigned
1,2,rjkip
1,2,yosokus
1,2,sabinus52
1,2,samjoyce
1,2,schickling
1,2,scubaclick
1,2,eyecatchup
1,2,serebro
1,2,dirkluijk
1,2,pgodel
1,2,Bar_Code
1,2,smichaelsen
1,2,SNakano
1,2,Moinax
1,2,maitrepylos
1,2,spatie
1,2,spirit-dev
1,2,stalxed
1,2,Stayallive
1,2,stephen-hill
1,2,stillat
1,2,bramstroker
1,2,sweikenb
1,2,matthewpatterson
1,2,GaryJones
1,2,ThaDafinser
1,2,timfield
1,2,tpyo
1,2,berk
1,2,nezkal
1,2,troydavisson
1,2,Tsukanov
1,2,Umisoft
1,2,mixkorshun
1,2,haroldiedema
1,2,mhooge
1,2,robotadam
1,2,stefano87
1,2,wearebase
1,2,mmenozzi
1,2,webpatser
1,2,dragosprotung
1,2,wingu
1,2,wtfzdotnet
1,2,mpartel
1,2,yangqi
1,2,zachgarwood
1,2,Sophie.b
1,2,falsetto
1,2,asgrim
1,2,zepluf
1,2,zeroclipboard
1,3,aerialship
1,3,speedblue
1,3,alterphp
1,3,7heaven
1,3,ablyler
1,3,kuenishi
1,3,bcosca
1,3,BenConstable
1,3,sjorsvdp
1,3,jdennes
1,3,stefk
1,3,nadavs
1,3,danmichaelo
1,3,dapphp
1,3,adebril
1,3,dmeroff
1,3,bonywonix
1,3,DerAlex
1,3,Devristo
1,3,domnikl
1,3,dready92
1,3,brewing
1,3,lazyguru
1,3,duccio
1,3,thbourlove
1,3,markuspoerschke
1,3,djoos
1,3,devesc
1,3,rennis23
1,3,jgedarovich
1,3,pinetreerg
1,3,swader
1,3,vimishor
1,3,slavahatnuke
1,3,Infusionsoft
1,3,micfai
1,3,irongit
1,3,jdare
1,3,jlogsdon
1,3,johnkary
1,3,josegonzalez
1,3,jublonet
1,3,iambkramer
1,3,mediahack
1,3,katzgrau
1,3,kohkimakimoto
1,3,kwizer15
1,3,vkurko
1,3,maartenba
1,3,madcoda
1,3,maglnet
1,3,kula-shakerz
1,3,matuck
1,3,Maxwell2022
1,3,AlexandrGordeev
1,3,lvgunst
1,3,RickWong
1,3,mondalaci
1,3,msurguy
1,3,munkie
1,3,shemahmforash
1,3,katharas
1,3,nurmanhabib
1,3,aoberoi
1,3,orangehill
1,3,ozgur
1,3,Paymill
1,3,ktomk
1,3,phpnode
1,3,phuedx
1,3,nicolas-joubert
1,3,Problematic
1,3,boutell
1,3,rafaelcalleja
1,3,drewish
1,3,rgooding
1,3,ricardoper
1,3,robertboloc
1,3,rolebi
1,3,Ryusuke SEKIYAMA
1,3,codyc
1,3,janiv
1,3,chriskoch
1,3,nquinlan
1,3,theycallmeswift
1,3,samacs
1,3,svenanders
1,3,ss23
1,3,normann
1,3,radmiraal
1,3,jaycode
1,3,Sorien
1,3,thobbs
1,3,ricardclau
1,3,marcelklehr
1,3,Toddish
1,3,jamesmoey
1,3,true
1,3,tropotek
1,3,tubalmartin
1,3,glebm
1,3,evantishuk
1,3,ukko
1,3,undefined-exception-coders
1,3,geekwright
1,3,xoops
1,3,zxbodya
1,3,iwalz
1,3,zeuxisoo
1,3,hjr3
1,4,richo
1,4,tomohikosato
1,4,Rich2k
1,4,antecedent
1,4,bulton-fr
1,4,pierredup
1,4,klausi
1,4,Overblog
1,4,empi89
1,4,entomb
1,4,monofone
1,4,greggilbert
1,4,JakubLedl
1,4,jyggen
1,4,dkador
1,4,armetiz
1,4,gilles31
1,4,Mewp
1,4,sixty-nine
1,4,andythorne
1,4,fuzzy
1,4,markjaquith
1,4,mcamara
1,4,message
1,4,mike182uk
1,4,jbwyme
1,4,mixpanel
1,4,mlehner
1,4,net
1,4,nickcernis
1,4,marcoceppi
1,4,ivanlanin
1,4,PetrP
1,4,thornag
1,4,Progi1984
1,4,tototoshi
1,4,erwan
1,4,sre
1,4,ryprop
1,4,jsteemann
1,4,triplepoint
1,4,caniszczyk
1,4,Taiger
1,4,wimg
1,4,xenji
1,4,tblanchard
1,5,JVMartin
1,5,artdarek
1,5,asofter
1,5,nramenta
1,5,docopt
1,5,psw1986
1,5,chlu
1,5,kdambekalns
1,5,ADmad
1,5,zocim
1,5,jakeasmith
1,5,m4tthumphrey
1,5,mage2-dev
1,5,Mindscape
1,5,Flask
1,5,TheCelavi
1,5,bengee
1,5,activeobject
1,5,ahusain
1,5,snakevil
1,5,zen
1,5,zordius
1,6,koenpunt
1,6,Adduc
1,6,Abhoryo
1,6,BafS
1,6,vkhramtsov
1,6,bubujka
1,6,catfan
1,6,claylo
1,6,bzick
1,6,bzikarsky
1,6,lennart
1,6,jamesmoss
1,6,thi3rry
1,6,loic-sharma
1,6,matthiasmullie
1,6,Poyeyo
1,6,ichernev
1,6,mteneur
1,6,mwillbanks
1,6,nervo
1,6,nojimage
1,6,obophp
1,6,payneteasy
1,6,imenem
1,6,alex.bumbacea
1,6,phansys
1,6,taiwen
1,6,pi
1,6,hboomsma
1,7,bllim
1,7,chadicus
1,7,dor666
1,7,doki_pen
1,7,packagist@ibuildings.nl
1,7,Shine-neko
1,7,mmbechezi
1,7,JL235
1,7,lucadegasperi
1,7,Maatwebsite
1,7,paulli
1,7,dszeto
1,7,ptrofimov
1,7,RainElemental
1,7,slywalker
1,7,marcelmoosbrugger
1,7,seejohnrun
1,8,atomita
1,8,chronon
1,8,djsipe
1,8,giggsey
1,8,ivaynberg
1,8,joseym
1,8,lunetics
1,8,moontoast
1,8,nidelson
1,8,blongden
1,8,pusher
1,8,smottt
1,8,ulrichsg
1,8,jallits
1,9,demetrodon
1,9,davejamesmiller
1,9,njh
1,9,hipchat
1,9,lisachenko
1,9,o5
1,9,trsteel88
1,9,danielbachhuber
1,9,fzerorubigd
1,10,ericmann
1,10,bummzack
1,10,dospuntocero
1,10,javier.eguiluz
1,10,firebase
1,10,anantn
1,10,GaretJax
1,10,lphuberdeau
1,10,J7mbo
1,10,kertz
1,10,fabian
1,10,mailgun
1,10,travelton
1,10,failpunk
1,10,gsalgadotoledo
1,10,dwightwatson
1,11,aschamberger
1,11,romaninsh
1,11,braintree
1,11,cksource
1,11,whhone
1,11,phptal
1,11,bfanger
1,11,dagrinchi
1,12,colinmollenhour
1,12,thardy
1,12,jaz303
1,13,pcalves
1,13,vinhzxz
1,13,WindowsAzure
1,13,netcarver
1,13,hamstar
1,13,dustin10
1,14,chriso
1,14,paul999
1,14,andreascreten
1,15,bsweeney
1,15,josh.adell@gmail.com
1,15,ivanakimov
1,15,mashape
1,15,vilka2001
1,15,themattharris
1,16,hpbuniat
1,16,snc
1,17,jpfuentes2
1,17,cvanschalkwijk
1,17,zerophp
1,18,widmogrod
1,20,slbmeh
1,20,remcotolsma
1,21,bamarni
1,21,genemu
1,22,jeanmonod
1,22,kevinburke
1,23,dropbox-api-team
1,23,jdorn
1,24,log4php
1,25,finwe
1,27,hybridauth
1,28,stripe
1,29,cadorn
1,29,raveren
1,30,basdenooijer
1,31,theoreticaLee
1,31,gabordemooij
1,37,robmorgan
1,40,justinrainbow
1,40,voidus
1,40,zeeg
1,41,serbanghita
1,43,alxlit
1,43,nicolaasuni
1,44,igorsantos07
1,44,laravelbook
1,44,ruflin
1,46,jaypatel512
1,47,jnankin
1,49,robo47
1,51,oyejorge
1,53,silvolu
1,53,ianbarber
1,53,PeeHaa
1,53,Lusitanian
1,54,mustangostang
1,63,pjkix
1,65,phpmailer
1,71,PHPOffice
1,76,bantu
1,79,cartalyst
1,83,mrb
1,88,UTews
1,88,uwetews
1,88,mohrt
1,104,scottmac
1,110,mjlivelyjr
1,110,bfeaver
1,114,denis-sokolov
1,114,filp
1,124,danielmartins
1,137,mageekguy
1,137,l3pp4rd
1,150,briannesbitt
1,161,mrook
1,1264,gsherwood
1,1660,padraicb
